,
Itaewon Class,https://en.wikipedia.org/wiki/Itaewon_Class
Whats Wrong With Secretary Kim,https://en.wikipedia.org/wiki/What%27s_Wrong_with_Secretary_Kim
Start Up,https://en.wikipedia.org/wiki/Start-Up_(South_Korean_TV_series)
Run On ,https://en.wikipedia.org/wiki/Run_On_(TV_series)
Twenty-five Twenty-one,https://en.wikipedia.org/wiki/Twenty-Five_Twenty-One
Our Beloved Summer,https://en.wikipedia.org/wiki/Our_Beloved_Summer
Hotel DeLuna,https://en.wikipedia.org/wiki/Hotel_del_Luna
Alchemy of Souls,https://en.wikipedia.org/wiki/Alchemy_of_Souls
Because This Is My First Life,https://en.wikipedia.org/wiki/Because_This_Is_My_First_Life
My Liberation Notes,https://en.wikipedia.org/wiki/My_Liberation_Notes
My Mister,https://en.wikipedia.org/wiki/My_Mister
Queen of Tears,https://en.wikipedia.org/wiki/Queen_of_Tears
Fight For My Way ,https://en.wikipedia.org/wiki/Fight_for_My_Way
Mister Sunshine,https://en.wikipedia.org/wiki/Mr._Sunshine_(South_Korean_TV_series)
Our Blues,https://en.wikipedia.org/wiki/Our_Blues
Hometown ChaChaCha,https://en.wikipedia.org/wiki/Hometown_Cha-Cha-Cha
Yumiâ€™s Cells,https://en.wikipedia.org/wiki/Yumi%27s_Cells
Doona,https://en.wikipedia.org/wiki/Doona!
Uncontrollably Fond,https://en.wikipedia.org/wiki/Uncontrollably_Fond
While You Were Sleeping,https://en.wikipedia.org/wiki/While_You_Were_Sleeping_(2017_TV_series)
Vagabond,https://en.wikipedia.org/wiki/Vagabond_(TV_series)
Strong Girl DoBongSoon,https://en.wikipedia.org/wiki/Strong_Girl_Bong-soon
My Name,https://en.wikipedia.org/wiki/My_Name_(TV_series)
Moving,https://en.wikipedia.org/wiki/Moving_(South_Korean_TV_series)
A Time Called You,https://en.wikipedia.org/wiki/A_Time_Called_You
Business Proposal,https://en.wikipedia.org/wiki/Business_Proposal
Twinkling Watermelon ,https://en.wikipedia.org/wiki/Twinkling_Watermelon
Lovely Runner,https://en.wikipedia.org/wiki/Lovely_Runner
DP,https://en.wikipedia.org/wiki/D.P._(TV_series)
Crash Landing On You,https://en.wikipedia.org/wiki/Crash_Landing_on_You
Doctor Slump,https://en.wikipedia.org/wiki/Doctor_Slump_(TV_series)
My Demon,https://en.wikipedia.org/wiki/My_Demon
Extraordinary Attorney Woo,https://en.wikipedia.org/wiki/Extraordinary_Attorney_Woo
Once Upon a Small Town,https://en.wikipedia.org/wiki/Once_Upon_a_Small_Town
The Good Bad Mother,https://en.wikipedia.org/wiki/The_Good_Bad_Mother
The Glory,https://en.wikipedia.org/wiki/The_Glory_(TV_series)
Crash Course in Romance,https://en.wikipedia.org/wiki/Crash_Course_in_Romance
Its Okay to Not Be Okay,https://en.wikipedia.org/wiki/It%27s_Okay_to_Not_Be_Okay
Summer Strike,https://en.wikipedia.org/wiki/Summer_Strike
My Lovely Liar,https://en.wikipedia.org/wiki/My_Lovely_Liar
One Spring Night,https://en.wikipedia.org/wiki/One_Spring_Night 
Daily Dose of Sunshine,https://en.wikipedia.org/wiki/Daily_Dose_of_Sunshine
